{"ATLAS": {"SPRITES":[ 
{"SPRITE" : {"name": "0000","x":897,"y":325,"w":120,"h":108,"rotated": false}},
{"SPRITE" : {"name": "0001","x":939,"y":279,"w":39,"h":38,"rotated": false}},
{"SPRITE" : {"name": "0002","x":939,"y":153,"w":81,"h":68,"rotated": false}},
{"SPRITE" : {"name": "0003","x":998,"y":59,"w":16,"h":51,"rotated": false}},
{"SPRITE" : {"name": "0004","x":998,"y":2,"w":18,"h":55,"rotated": false}},
{"SPRITE" : {"name": "0005","x":176,"y":412,"w":94,"h":107,"rotated": false}},
{"SPRITE" : {"name": "0006","x":766,"y":497,"w":40,"h":68,"rotated": false}},
{"SPRITE" : {"name": "0007","x":272,"y":498,"w":43,"h":62,"rotated": false}},
{"SPRITE" : {"name": "0008","x":272,"y":412,"w":255,"h":32,"rotated": false}},
{"SPRITE" : {"name": "0009","x":272,"y":446,"w":155,"h":24,"rotated": false}},
{"SPRITE" : {"name": "0010","x":272,"y":472,"w":155,"h":24,"rotated": false}},
{"SPRITE" : {"name": "0011","x":766,"y":497,"w":40,"h":68,"rotated": false}},
{"SPRITE" : {"name": "0012","x":666,"y":491,"w":52,"h":66,"rotated": false}},
{"SPRITE" : {"name": "0013","x":770,"y":434,"w":66,"h":61,"rotated": false}},
{"SPRITE" : {"name": "0014","x":455,"y":339,"w":74,"h":60,"rotated": false}},
{"SPRITE" : {"name": "0015","x":529,"y":434,"w":78,"h":56,"rotated": false}},
{"SPRITE" : {"name": "0016","x":939,"y":223,"w":83,"h":54,"rotated": false}},
{"SPRITE" : {"name": "0017","x":609,"y":434,"w":82,"h":53,"rotated": false}},
{"SPRITE" : {"name": "0018","x":693,"y":434,"w":75,"h":55,"rotated": false}},
{"SPRITE" : {"name": "0019","x":838,"y":435,"w":70,"h":57,"rotated": false}},
{"SPRITE" : {"name": "0020","x":910,"y":435,"w":64,"h":59,"rotated": false}},
{"SPRITE" : {"name": "0021","x":429,"y":446,"w":60,"h":61,"rotated": false}},
{"SPRITE" : {"name": "0022","x":609,"y":489,"w":55,"h":63,"rotated": false}},
{"SPRITE" : {"name": "0023","x":491,"y":492,"w":52,"h":64,"rotated": false}},
{"SPRITE" : {"name": "0024","x":545,"y":492,"w":49,"h":66,"rotated": false}},
{"SPRITE" : {"name": "0025","x":976,"y":435,"w":46,"h":67,"rotated": false}},
{"SPRITE" : {"name": "0026","x":720,"y":491,"w":44,"h":68,"rotated": false}},
{"SPRITE" : {"name": "0027","x":838,"y":494,"w":42,"h":68,"rotated": false}},
{"SPRITE" : {"name": "0028","x":882,"y":496,"w":41,"h":69,"rotated": false}},
{"SPRITE" : {"name": "0029","x":925,"y":496,"w":40,"h":69,"rotated": false}},
{"SPRITE" : {"name": "0030","x":766,"y":497,"w":40,"h":68,"rotated": false}},
{"SPRITE" : {"name": "0031","x":546,"y":153,"w":391,"h":170,"rotated": false}},
{"SPRITE" : {"name": "0032","x":2,"y":339,"w":172,"h":161,"rotated": false}},
{"SPRITE" : {"name": "0033","x":2,"y":2,"w":542,"h":335,"rotated": false}},
{"SPRITE" : {"name": "0034","x":176,"y":339,"w":277,"h":71,"rotated": false}},
{"SPRITE" : {"name": "0035","x":546,"y":325,"w":349,"h":107,"rotated": false}},
{"SPRITE" : {"name": "0036","x":546,"y":2,"w":450,"h":149,"rotated": false}},
{"SPRITE" : {"name": "0037","x":272,"y":446,"w":155,"h":24,"rotated": false}},
{"SPRITE" : {"name": "0038","x":272,"y":446,"w":155,"h":24,"rotated": false}},
{"SPRITE" : {"name": "0039","x":272,"y":446,"w":155,"h":24,"rotated": false}},
{"SPRITE" : {"name": "0040","x":272,"y":446,"w":155,"h":24,"rotated": false}},
{"SPRITE" : {"name": "0041","x":272,"y":446,"w":155,"h":24,"rotated": false}},
{"SPRITE" : {"name": "0042","x":272,"y":446,"w":155,"h":24,"rotated": false}},
{"SPRITE" : {"name": "0043","x":272,"y":446,"w":155,"h":24,"rotated": false}},
{"SPRITE" : {"name": "0044","x":272,"y":446,"w":155,"h":24,"rotated": false}},
{"SPRITE" : {"name": "0045","x":272,"y":446,"w":155,"h":24,"rotated": false}},
{"SPRITE" : {"name": "0046","x":272,"y":446,"w":155,"h":24,"rotated": false}},
{"SPRITE" : {"name": "0047","x":272,"y":446,"w":155,"h":24,"rotated": false}},
{"SPRITE" : {"name": "0048","x":272,"y":446,"w":155,"h":24,"rotated": false}},
{"SPRITE" : {"name": "0049","x":272,"y":446,"w":155,"h":24,"rotated": false}},
{"SPRITE" : {"name": "0050","x":272,"y":446,"w":155,"h":24,"rotated": false}},
{"SPRITE" : {"name": "0051","x":272,"y":446,"w":155,"h":24,"rotated": false}},
{"SPRITE" : {"name": "0052","x":272,"y":446,"w":155,"h":24,"rotated": false}},
{"SPRITE" : {"name": "0053","x":272,"y":446,"w":155,"h":24,"rotated": false}},
{"SPRITE" : {"name": "0054","x":272,"y":446,"w":155,"h":24,"rotated": false}},
{"SPRITE" : {"name": "0055","x":272,"y":446,"w":155,"h":24,"rotated": false}},
{"SPRITE" : {"name": "0056","x":272,"y":446,"w":155,"h":24,"rotated": false}},
{"SPRITE" : {"name": "0057","x":272,"y":446,"w":155,"h":24,"rotated": false}},
{"SPRITE" : {"name": "0058","x":272,"y":446,"w":155,"h":24,"rotated": false}},
{"SPRITE" : {"name": "0059","x":272,"y":446,"w":155,"h":24,"rotated": false}},
{"SPRITE" : {"name": "0060","x":272,"y":446,"w":155,"h":24,"rotated": false}},
{"SPRITE" : {"name": "0061","x":272,"y":446,"w":155,"h":24,"rotated": false}},
{"SPRITE" : {"name": "0062","x":272,"y":446,"w":155,"h":24,"rotated": false}},
{"SPRITE" : {"name": "0063","x":272,"y":446,"w":155,"h":24,"rotated": false}}
]},
"meta": {
"app": "Adobe Animate",
"version": "18.0.0.107",
"image": "spritemap.png",
"format": "RGBA8888",
"size": {"w":1024,"h":1024},
"scale": "1"
}
}
